assessment_name,url
global-skills-development-report,https://www.shl.com/products/product-catalog/view/global-skills-development-report/
net-framework-4-5,https://www.shl.com/products/product-catalog/view/net-framework-4-5/
net-mvc-new,https://www.shl.com/products/product-catalog/view/net-mvc-new/
net-mvvm-new,https://www.shl.com/products/product-catalog/view/net-mvvm-new/
net-wcf-new,https://www.shl.com/products/product-catalog/view/net-wcf-new/
net-wpf-new,https://www.shl.com/products/product-catalog/view/net-wpf-new/
net-xaml-new,https://www.shl.com/products/product-catalog/view/net-xaml-new/
accounts-payable-new,https://www.shl.com/products/product-catalog/view/accounts-payable-new/
accounts-payable-simulation-new,https://www.shl.com/products/product-catalog/view/accounts-payable-simulation-new/
accounts-receivable-new,https://www.shl.com/products/product-catalog/view/accounts-receivable-new/
accounts-receivable-simulation-new,https://www.shl.com/products/product-catalog/view/accounts-receivable-simulation-new/
ado-net-new,https://www.shl.com/products/product-catalog/view/ado-net-new/
adobe-experience-manager-new,https://www.shl.com/products/product-catalog/view/adobe-experience-manager-new/
adobe-photoshop-cc,https://www.shl.com/products/product-catalog/view/adobe-photoshop-cc/
aeronautical-engineering-new,https://www.shl.com/products/product-catalog/view/aeronautical-engineering-new/
aerospace-engineering-new,https://www.shl.com/products/product-catalog/view/aerospace-engineering-new/
agile-software-development,https://www.shl.com/products/product-catalog/view/agile-software-development/
agile-testing-new,https://www.shl.com/products/product-catalog/view/agile-testing-new/
ai-skills,https://www.shl.com/products/product-catalog/view/ai-skills/
amazon-web-services-aws-development-new,https://www.shl.com/products/product-catalog/view/amazon-web-services-aws-development-new/
android-development-new,https://www.shl.com/products/product-catalog/view/android-development-new/
angular-6-new,https://www.shl.com/products/product-catalog/view/angular-6-new/
angularjs-new,https://www.shl.com/products/product-catalog/view/angularjs-new/
apache-hadoop-new,https://www.shl.com/products/product-catalog/view/apache-hadoop-new/
apache-hadoop-extensions-new,https://www.shl.com/products/product-catalog/view/apache-hadoop-extensions-new/
apache-hbase-new,https://www.shl.com/products/product-catalog/view/apache-hbase-new/
apache-hive-new,https://www.shl.com/products/product-catalog/view/apache-hive-new/
apache-kafka-new,https://www.shl.com/products/product-catalog/view/apache-kafka-new/
apache-pig-new,https://www.shl.com/products/product-catalog/view/apache-pig-new/
apache-spark-new,https://www.shl.com/products/product-catalog/view/apache-spark-new/
asp-net-with-c-new,https://www.shl.com/products/product-catalog/view/asp-net-with-c-new/
asp-net-4-5,https://www.shl.com/products/product-catalog/view/asp-net-4-5/
assessment-and-development-center-exercises,https://www.shl.com/products/product-catalog/view/assessment-and-development-center-exercises/
automata-fix-new,https://www.shl.com/products/product-catalog/view/automata-fix-new/
automata-sql-new,https://www.shl.com/products/product-catalog/view/automata-sql-new/
automata-new,https://www.shl.com/products/product-catalog/view/automata-new/
automata-data-science-new,https://www.shl.com/products/product-catalog/view/automata-data-science-new/
automata-data-science-pro-new,https://www.shl.com/products/product-catalog/view/automata-data-science-pro-new/
automata-front-end,https://www.shl.com/products/product-catalog/view/automata-front-end/
automata-pro-new,https://www.shl.com/products/product-catalog/view/automata-pro-new/
automata-selenium,https://www.shl.com/products/product-catalog/view/automata-selenium/
automation-anywhere-rpa-development-new,https://www.shl.com/products/product-catalog/view/automation-anywhere-rpa-development-new/
automotive-engineering-new,https://www.shl.com/products/product-catalog/view/automotive-engineering-new/
basic-biology-new,https://www.shl.com/products/product-catalog/view/basic-biology-new/
basic-computer-literacy-windows-10-new,https://www.shl.com/products/product-catalog/view/basic-computer-literacy-windows-10-new/
basic-statistics-new,https://www.shl.com/products/product-catalog/view/basic-statistics-new/
biochemistry-new,https://www.shl.com/products/product-catalog/view/biochemistry-new/
biotech-lab-techniques-new,https://www.shl.com/products/product-catalog/view/biotech-lab-techniques-new/
biztalk-new,https://www.shl.com/products/product-catalog/view/biztalk-new/
business-communication-adaptive,https://www.shl.com/products/product-catalog/view/business-communication-adaptive/
business-communications,https://www.shl.com/products/product-catalog/view/business-communications/
c-programming-new,https://www.shl.com/products/product-catalog/view/c-programming-new/
c-programming-new-4039,https://www.shl.com/products/product-catalog/view/c-programming-new-4039/
c-programming-new-4122,https://www.shl.com/products/product-catalog/view/c-programming-new-4122/
cardiology-and-diabetes-management-new,https://www.shl.com/products/product-catalog/view/cardiology-and-diabetes-management-new/
ceramic-engineering-new,https://www.shl.com/products/product-catalog/view/ceramic-engineering-new/
chemical-engineering-new,https://www.shl.com/products/product-catalog/view/chemical-engineering-new/
cisco-appdynamics-new,https://www.shl.com/products/product-catalog/view/cisco-appdynamics-new/
civil-engineering-new,https://www.shl.com/products/product-catalog/view/civil-engineering-new/
cloud-computing-new,https://www.shl.com/products/product-catalog/view/cloud-computing-new/
cobol-programming-new,https://www.shl.com/products/product-catalog/view/cobol-programming-new/
computer-science-new,https://www.shl.com/products/product-catalog/view/computer-science-new/
contact-center-call-simulation-new,https://www.shl.com/products/product-catalog/view/contact-center-call-simulation-new/
conversational-multichat-simulation,https://www.shl.com/products/product-catalog/view/conversational-multichat-simulation/
core-java-advanced-level-new,https://www.shl.com/products/product-catalog/view/core-java-advanced-level-new/
core-java-entry-level-new,https://www.shl.com/products/product-catalog/view/core-java-entry-level-new/
count-out-the-money,https://www.shl.com/products/product-catalog/view/count-out-the-money/
css3-new,https://www.shl.com/products/product-catalog/view/css3-new/
culinary-skills-new,https://www.shl.com/products/product-catalog/view/culinary-skills-new/
customer-service-phone-simulation,https://www.shl.com/products/product-catalog/view/customer-service-phone-simulation/
customer-service-phone-solution,https://www.shl.com/products/product-catalog/view/customer-service-phone-solution/
cyber-risk-new,https://www.shl.com/products/product-catalog/view/cyber-risk-new/
data-entry-new,https://www.shl.com/products/product-catalog/view/data-entry-new/
data-entry-alphanumeric-split-screen-us,https://www.shl.com/products/product-catalog/view/data-entry-alphanumeric-split-screen-us/
data-entry-numeric-split-screen-us,https://www.shl.com/products/product-catalog/view/data-entry-numeric-split-screen-us/
data-entry-ten-key-split-screen,https://www.shl.com/products/product-catalog/view/data-entry-ten-key-split-screen/
data-science-new,https://www.shl.com/products/product-catalog/view/data-science-new/
data-warehousing-concepts,https://www.shl.com/products/product-catalog/view/data-warehousing-concepts/
dependability-and-safety-instrument-dsi,https://www.shl.com/products/product-catalog/view/dependability-and-safety-instrument-dsi/
dermatology-new,https://www.shl.com/products/product-catalog/view/dermatology-new/
desktop-support-new,https://www.shl.com/products/product-catalog/view/desktop-support-new/
digital-advertising-new,https://www.shl.com/products/product-catalog/view/digital-advertising-new/
digital-readiness-development-report,https://www.shl.com/products/product-catalog/view/digital-readiness-development-report/
digital-readiness-development-report-manager,https://www.shl.com/products/product-catalog/view/digital-readiness-development-report-manager/
docker-new,https://www.shl.com/products/product-catalog/view/docker-new/
dojo-new,https://www.shl.com/products/product-catalog/view/dojo-new/
drupal-new,https://www.shl.com/products/product-catalog/view/drupal-new/
dsi-v1-1-interpretation-report,https://www.shl.com/products/product-catalog/view/dsi-v1-1-interpretation-report/
econometrics-new,https://www.shl.com/products/product-catalog/view/econometrics-new/
economics-new,https://www.shl.com/products/product-catalog/view/economics-new/
electrical-and-electronics-engineering-new,https://www.shl.com/products/product-catalog/view/electrical-and-electronics-engineering-new/
electrical-engineering-new,https://www.shl.com/products/product-catalog/view/electrical-engineering-new/
electronics-and-telecommunications-engineering-new,https://www.shl.com/products/product-catalog/view/electronics-and-telecommunications-engineering-new/
electronics-and-embedded-systems-engineering-new,https://www.shl.com/products/product-catalog/view/electronics-and-embedded-systems-engineering-new/
electronics-and-semiconductor-engineering-new,https://www.shl.com/products/product-catalog/view/electronics-and-semiconductor-engineering-new/
english-comprehension-new,https://www.shl.com/products/product-catalog/view/english-comprehension-new/
enterprise-java-beans-new,https://www.shl.com/products/product-catalog/view/enterprise-java-beans-new/
enterprise-leadership-report,https://www.shl.com/products/product-catalog/view/enterprise-leadership-report/
enterprise-leadership-report-2-0,https://www.shl.com/products/product-catalog/view/enterprise-leadership-report-2-0/
entry-level-cashier-solution,https://www.shl.com/products/product-catalog/view/entry-level-cashier-solution/
entry-level-customer-serv-retail-and-contact-center,https://www.shl.com/products/product-catalog/view/entry-level-customer-serv-retail-and-contact-center/
entry-level-customer-service-general-solution,https://www.shl.com/products/product-catalog/view/entry-level-customer-service-general-solution/
entry-level-hotel-front-desk-solution,https://www.shl.com/products/product-catalog/view/entry-level-hotel-front-desk-solution/
entry-level-sales-solution,https://www.shl.com/products/product-catalog/view/entry-level-sales-solution/
entry-level-technical-support-solution,https://www.shl.com/products/product-catalog/view/entry-level-technical-support-solution/
etl-testing-new,https://www.shl.com/products/product-catalog/view/etl-testing-new/
executive-scenarios,https://www.shl.com/products/product-catalog/view/executive-scenarios/
executive-scenarios-narrative-report,https://www.shl.com/products/product-catalog/view/executive-scenarios-narrative-report/
executive-scenarios-profile-report,https://www.shl.com/products/product-catalog/view/executive-scenarios-profile-report/
expressjs-new,https://www.shl.com/products/product-catalog/view/expressjs-new/
filing-names-r1,https://www.shl.com/products/product-catalog/view/filing-names-r1/
filing-numbers,https://www.shl.com/products/product-catalog/view/filing-numbers/
financial-accounting-new,https://www.shl.com/products/product-catalog/view/financial-accounting-new/
financial-and-banking-services-new,https://www.shl.com/products/product-catalog/view/financial-and-banking-services-new/
fire-engineering-new,https://www.shl.com/products/product-catalog/view/fire-engineering-new/
following-instructions-v1-uk-r1,https://www.shl.com/products/product-catalog/view/following-instructions-v1-uk-r1/
following-instructions-v1-us-r2,https://www.shl.com/products/product-catalog/view/following-instructions-v1-us-r2/
food-and-beverage-services-new,https://www.shl.com/products/product-catalog/view/food-and-beverage-services-new/
food-science-new,https://www.shl.com/products/product-catalog/view/food-science-new/
front-office-management-new,https://www.shl.com/products/product-catalog/view/front-office-management-new/
fundamentals-of-chemistry-new,https://www.shl.com/products/product-catalog/view/fundamentals-of-chemistry-new/
fundamentals-of-physics-new,https://www.shl.com/products/product-catalog/view/fundamentals-of-physics-new/
general-diseases-new,https://www.shl.com/products/product-catalog/view/general-diseases-new/
geoinformatics-engineering-new,https://www.shl.com/products/product-catalog/view/geoinformatics-engineering-new/
geoscience-engineering-new,https://www.shl.com/products/product-catalog/view/geoscience-engineering-new/
git-new,https://www.shl.com/products/product-catalog/view/git-new/
global-skills-assessment,https://www.shl.com/products/product-catalog/view/global-skills-assessment/
graduate-scenarios,https://www.shl.com/products/product-catalog/view/graduate-scenarios/
graduate-scenarios-narrative-report,https://www.shl.com/products/product-catalog/view/graduate-scenarios-narrative-report/
graduate-scenarios-profile-report,https://www.shl.com/products/product-catalog/view/graduate-scenarios-profile-report/
hibernate-new,https://www.shl.com/products/product-catalog/view/hibernate-new/
hipaa-security,https://www.shl.com/products/product-catalog/view/hipaa-security/
hipo-assessment-report-1-0,https://www.shl.com/products/product-catalog/view/hipo-assessment-report-1-0/
hipo-assessment-report-2-0,https://www.shl.com/products/product-catalog/view/hipo-assessment-report-2-0/
hipo-unlocking-potential-report-2-0,https://www.shl.com/products/product-catalog/view/hipo-unlocking-potential-report-2-0/
housekeeping-new,https://www.shl.com/products/product-catalog/view/housekeeping-new/
htmlcss-new,https://www.shl.com/products/product-catalog/view/htmlcss-new/
html5-new,https://www.shl.com/products/product-catalog/view/html5-new/
human-resources-new,https://www.shl.com/products/product-catalog/view/human-resources-new/
ibm-datastage-new,https://www.shl.com/products/product-catalog/view/ibm-datastage-new/
ibm-sterling-order-management-system-new,https://www.shl.com/products/product-catalog/view/ibm-sterling-order-management-system-new/
industrial-engineering-new,https://www.shl.com/products/product-catalog/view/industrial-engineering-new/
informatica-architecture-new,https://www.shl.com/products/product-catalog/view/informatica-architecture-new/
informatica-developer-new,https://www.shl.com/products/product-catalog/view/informatica-developer-new/
instrumentation-engineering-new,https://www.shl.com/products/product-catalog/view/instrumentation-engineering-new/
interpersonal-communications,https://www.shl.com/products/product-catalog/view/interpersonal-communications/
interviewing-and-hiring-concepts-u-s,https://www.shl.com/products/product-catalog/view/interviewing-and-hiring-concepts-u-s/
ios-development-new,https://www.shl.com/products/product-catalog/view/ios-development-new/
itil-it-infrastructure-library-new,https://www.shl.com/products/product-catalog/view/itil-it-infrastructure-library-new/
java-2-platform-enterprise-edition-1-4-fundamental,https://www.shl.com/products/product-catalog/view/java-2-platform-enterprise-edition-1-4-fundamental/
java-8-new,https://www.shl.com/products/product-catalog/view/java-8-new/
java-design-patterns-new,https://www.shl.com/products/product-catalog/view/java-design-patterns-new/
java-frameworks-new,https://www.shl.com/products/product-catalog/view/java-frameworks-new/
java-platform-enterprise-edition-7-java-ee-7,https://www.shl.com/products/product-catalog/view/java-platform-enterprise-edition-7-java-ee-7/
java-web-services-new,https://www.shl.com/products/product-catalog/view/java-web-services-new/
javascript-new,https://www.shl.com/products/product-catalog/view/javascript-new/
jenkins-new,https://www.shl.com/products/product-catalog/view/jenkins-new/
job-control-language-new,https://www.shl.com/products/product-catalog/view/job-control-language-new/
jquery-new,https://www.shl.com/products/product-catalog/view/jquery-new/
kubernetes-new,https://www.shl.com/products/product-catalog/view/kubernetes-new/
linux-administration-new,https://www.shl.com/products/product-catalog/view/linux-administration-new/
linux-operating-system,https://www.shl.com/products/product-catalog/view/linux-operating-system/
linux-programming-general,https://www.shl.com/products/product-catalog/view/linux-programming-general/
load-runner-new,https://www.shl.com/products/product-catalog/view/load-runner-new/
management-scenarios,https://www.shl.com/products/product-catalog/view/management-scenarios/
managerial-scenarios-candidate-report,https://www.shl.com/products/product-catalog/view/managerial-scenarios-candidate-report/
managerial-scenarios-narrative-report,https://www.shl.com/products/product-catalog/view/managerial-scenarios-narrative-report/
managerial-scenarios-profile-report,https://www.shl.com/products/product-catalog/view/managerial-scenarios-profile-report/
manual-testing-new,https://www.shl.com/products/product-catalog/view/manual-testing-new/
mechanical-and-vigilance-focus-8-0,https://www.shl.com/products/product-catalog/view/mechanical-and-vigilance-focus-8-0/
safety-and-dependability-focus-8-0,https://www.shl.com/products/product-catalog/view/safety-and-dependability-focus-8-0/
essential-focus-8-0,https://www.shl.com/products/product-catalog/view/essential-focus-8-0/
mechanical-focus-8-0,https://www.shl.com/products/product-catalog/view/mechanical-focus-8-0/
vigilance-focus-8-0,https://www.shl.com/products/product-catalog/view/vigilance-focus-8-0/
marketing-new,https://www.shl.com/products/product-catalog/view/marketing-new/
maven-new,https://www.shl.com/products/product-catalog/view/maven-new/
mechanical-engineering-new,https://www.shl.com/products/product-catalog/view/mechanical-engineering-new/
mechatronics-engineering-new,https://www.shl.com/products/product-catalog/view/mechatronics-engineering-new/
medical-terminology-new,https://www.shl.com/products/product-catalog/view/medical-terminology-new/
metallurgical-engineering-new,https://www.shl.com/products/product-catalog/view/metallurgical-engineering-new/
mfs-360-enterprise-leadership-report,https://www.shl.com/products/product-catalog/view/mfs-360-enterprise-leadership-report/
mfs-360-ucf-group-report,https://www.shl.com/products/product-catalog/view/mfs-360-ucf-group-report/
mfs-360-ucf-performance-potential-dev-tips-report,https://www.shl.com/products/product-catalog/view/mfs-360-ucf-performance-potential-dev-tips-report/
mfs-360-ucf-standard-report,https://www.shl.com/products/product-catalog/view/mfs-360-ucf-standard-report/
micro-focus-unified-functional-testing-new,https://www.shl.com/products/product-catalog/view/micro-focus-unified-functional-testing-new/
microservices-new,https://www.shl.com/products/product-catalog/view/microservices-new/
microsoft-dynamics-development-new,https://www.shl.com/products/product-catalog/view/microsoft-dynamics-development-new/
microsoft-excel-365-essentials-new,https://www.shl.com/products/product-catalog/view/microsoft-excel-365-essentials-new/
microsoft-excel-365-new,https://www.shl.com/products/product-catalog/view/microsoft-excel-365-new/
microsoft-outlook-2013-adaptive,https://www.shl.com/products/product-catalog/view/microsoft-outlook-2013-adaptive/
microsoft-powerpoint-365-essentials-new,https://www.shl.com/products/product-catalog/view/microsoft-powerpoint-365-essentials-new/
microsoft-sql-server-2014-programming,https://www.shl.com/products/product-catalog/view/microsoft-sql-server-2014-programming/
microsoft-windows-server-2012-administration,https://www.shl.com/products/product-catalog/view/microsoft-windows-server-2012-administration/
microsoft-word-365-essentials-new,https://www.shl.com/products/product-catalog/view/microsoft-word-365-essentials-new/
microsoft-word-365-new,https://www.shl.com/products/product-catalog/view/microsoft-word-365-new/
mineral-engineering-new,https://www.shl.com/products/product-catalog/view/mineral-engineering-new/
mining-engineering-new,https://www.shl.com/products/product-catalog/view/mining-engineering-new/
mobility-new,https://www.shl.com/products/product-catalog/view/mobility-new/
molecular-biology-new,https://www.shl.com/products/product-catalog/view/molecular-biology-new/
mongodb-new,https://www.shl.com/products/product-catalog/view/mongodb-new/
motivation-questionnaire-mqm5,https://www.shl.com/products/product-catalog/view/motivation-questionnaire-mqm5/
mq-candidate-motivation-report,https://www.shl.com/products/product-catalog/view/mq-candidate-motivation-report/
mq-employee-motivation-report,https://www.shl.com/products/product-catalog/view/mq-employee-motivation-report/
mq-motivation-report-pack,https://www.shl.com/products/product-catalog/view/mq-motivation-report-pack/
mq-profile,https://www.shl.com/products/product-catalog/view/mq-profile/
ms-access-new,https://www.shl.com/products/product-catalog/view/ms-access-new/
ms-excel-new,https://www.shl.com/products/product-catalog/view/ms-excel-new/
ms-office-basic-computer-literacy-new,https://www.shl.com/products/product-catalog/view/ms-office-basic-computer-literacy-new/
ms-office-basic-computer-literacy-sim-new,https://www.shl.com/products/product-catalog/view/ms-office-basic-computer-literacy-sim-new/
ms-powerpoint-new,https://www.shl.com/products/product-catalog/view/ms-powerpoint-new/
ms-word-new,https://www.shl.com/products/product-catalog/view/ms-word-new/
mulesoft-development-new,https://www.shl.com/products/product-catalog/view/mulesoft-development-new/
multitasking-ability,https://www.shl.com/products/product-catalog/view/multitasking-ability/
networking-and-implementation-new,https://www.shl.com/products/product-catalog/view/networking-and-implementation-new/
node-js-new,https://www.shl.com/products/product-catalog/view/node-js-new/
nursing-new,https://www.shl.com/products/product-catalog/view/nursing-new/
occupational-personality-questionnaire-opq32r,https://www.shl.com/products/product-catalog/view/occupational-personality-questionnaire-opq32r/
operations-management-new,https://www.shl.com/products/product-catalog/view/operations-management-new/
opq-candidate-plus-report,https://www.shl.com/products/product-catalog/view/opq-candidate-plus-report/
opq-candidate-report-2-0,https://www.shl.com/products/product-catalog/view/opq-candidate-report-2-0/
opq-emotional-intelligence-report,https://www.shl.com/products/product-catalog/view/opq-emotional-intelligence-report/
opq-leadership-report,https://www.shl.com/products/product-catalog/view/opq-leadership-report/
opq-manager-plus-report,https://www.shl.com/products/product-catalog/view/opq-manager-plus-report/
opq-manager-plus-report-2-0,https://www.shl.com/products/product-catalog/view/opq-manager-plus-report-2-0/
opq-maximising-your-learning-report,https://www.shl.com/products/product-catalog/view/opq-maximising-your-learning-report/
opq-mq-sales-report,https://www.shl.com/products/product-catalog/view/opq-mq-sales-report/
opq-premium-plus-report,https://www.shl.com/products/product-catalog/view/opq-premium-plus-report/
opq-premium-plus-report-2-0,https://www.shl.com/products/product-catalog/view/opq-premium-plus-report-2-0/
opq-profile-report,https://www.shl.com/products/product-catalog/view/opq-profile-report/
opq-team-impact-group-development-report,https://www.shl.com/products/product-catalog/view/opq-team-impact-group-development-report/
opq-team-impact-individual-development-report,https://www.shl.com/products/product-catalog/view/opq-team-impact-individual-development-report/
opq-team-impact-selection-report,https://www.shl.com/products/product-catalog/view/opq-team-impact-selection-report/
opq-team-types-and-leadership-styles-profile,https://www.shl.com/products/product-catalog/view/opq-team-types-and-leadership-styles-profile/
opq-team-types-and-leadership-styles-report,https://www.shl.com/products/product-catalog/view/opq-team-types-and-leadership-styles-report/
opq-ucf-development-action-planner-report,https://www.shl.com/products/product-catalog/view/opq-ucf-development-action-planner-report/
opq-ucf-development-action-planner-report-2-0,https://www.shl.com/products/product-catalog/view/opq-ucf-development-action-planner-report-2-0/
opq-universal-competency-report,https://www.shl.com/products/product-catalog/view/opq-universal-competency-report/
opq-universal-competency-report-2-0,https://www.shl.com/products/product-catalog/view/opq-universal-competency-report-2-0/
opq-user-and-managers-report,https://www.shl.com/products/product-catalog/view/opq-user-and-managers-report/
opq-user-report,https://www.shl.com/products/product-catalog/view/opq-user-report/
oracle-dba-advanced-level-new,https://www.shl.com/products/product-catalog/view/oracle-dba-advanced-level-new/
oracle-dba-entry-level-new,https://www.shl.com/products/product-catalog/view/oracle-dba-entry-level-new/
oracle-plsql-new,https://www.shl.com/products/product-catalog/view/oracle-plsql-new/
oracle-weblogic-server-new,https://www.shl.com/products/product-catalog/view/oracle-weblogic-server-new/
organic-chemistry-new,https://www.shl.com/products/product-catalog/view/organic-chemistry-new/
paint-technology-new,https://www.shl.com/products/product-catalog/view/paint-technology-new/
pediatrics-new,https://www.shl.com/products/product-catalog/view/pediatrics-new/
pega-development-new,https://www.shl.com/products/product-catalog/view/pega-development-new/
perl-new,https://www.shl.com/products/product-catalog/view/perl-new/
petrochemical-engineering-new,https://www.shl.com/products/product-catalog/view/petrochemical-engineering-new/
petroleum-engineering-new,https://www.shl.com/products/product-catalog/view/petroleum-engineering-new/
pharmaceutical-analysis-new,https://www.shl.com/products/product-catalog/view/pharmaceutical-analysis-new/
pharmaceutical-chemistry-new,https://www.shl.com/products/product-catalog/view/pharmaceutical-chemistry-new/
pharmaceutical-science-new,https://www.shl.com/products/product-catalog/view/pharmaceutical-science-new/
pharmaceutics-new,https://www.shl.com/products/product-catalog/view/pharmaceutics-new/
pharmacology-new,https://www.shl.com/products/product-catalog/view/pharmacology-new/
php-new,https://www.shl.com/products/product-catalog/view/php-new/
pjm-development-report,https://www.shl.com/products/product-catalog/view/pjm-development-report/
pjm-selection-report,https://www.shl.com/products/product-catalog/view/pjm-selection-report/
polymer-engineering-new,https://www.shl.com/products/product-catalog/view/polymer-engineering-new/
power-electronics-and-drives-new,https://www.shl.com/products/product-catalog/view/power-electronics-and-drives-new/
power-system-engineering-new,https://www.shl.com/products/product-catalog/view/power-system-engineering-new/
prism-new,https://www.shl.com/products/product-catalog/view/prism-new/
production-and-industrial-engineering-new,https://www.shl.com/products/product-catalog/view/production-and-industrial-engineering-new/
production-engineering-new,https://www.shl.com/products/product-catalog/view/production-engineering-new/
programming-concepts,https://www.shl.com/products/product-catalog/view/programming-concepts/
project-management-2013,https://www.shl.com/products/product-catalog/view/project-management-2013/
proofreading-v1,https://www.shl.com/products/product-catalog/view/proofreading-v1/
python-new,https://www.shl.com/products/product-catalog/view/python-new/
r-programming-new,https://www.shl.com/products/product-catalog/view/r-programming-new/
reactjs-new,https://www.shl.com/products/product-catalog/view/reactjs-new/
reading-comprehension-english-v1,https://www.shl.com/products/product-catalog/view/reading-comprehension-english-v1/
reading-comprehension-spanish-v1,https://www.shl.com/products/product-catalog/view/reading-comprehension-spanish-v1/
reading-comprehension-v2,https://www.shl.com/products/product-catalog/view/reading-comprehension-v2/
remoteworkq,https://www.shl.com/products/product-catalog/view/remoteworkq/
remoteworkq-manager-report,https://www.shl.com/products/product-catalog/view/remoteworkq-manager-report/
remoteworkq-participant-report,https://www.shl.com/products/product-catalog/view/remoteworkq-participant-report/
restful-web-services-new,https://www.shl.com/products/product-catalog/view/restful-web-services-new/
retail-sales-and-service-simulation,https://www.shl.com/products/product-catalog/view/retail-sales-and-service-simulation/
reviewing-forms-us-r1,https://www.shl.com/products/product-catalog/view/reviewing-forms-us-r1/
ruby-new,https://www.shl.com/products/product-catalog/view/ruby-new/
ruby-on-rails-new,https://www.shl.com/products/product-catalog/view/ruby-on-rails-new/
sales-and-service-phone-simulation,https://www.shl.com/products/product-catalog/view/sales-and-service-phone-simulation/
sales-and-service-phone-solution,https://www.shl.com/products/product-catalog/view/sales-and-service-phone-solution/
sales-interview-guide,https://www.shl.com/products/product-catalog/view/sales-interview-guide/
sales-profiler-cards,https://www.shl.com/products/product-catalog/view/sales-profiler-cards/
sales-transformation-report-individual-contributor,https://www.shl.com/products/product-catalog/view/sales-transformation-report-individual-contributor/
salestransformationreport2-0-individualcontributor,https://www.shl.com/products/product-catalog/view/salestransformationreport2-0-individualcontributor/
sales-transformation-report-sales-manager,https://www.shl.com/products/product-catalog/view/sales-transformation-report-sales-manager/
sales-transformation-report-2-0-sales-manager,https://www.shl.com/products/product-catalog/view/sales-transformation-report-2-0-sales-manager/
salesforce-development-new,https://www.shl.com/products/product-catalog/view/salesforce-development-new/
sap-abap-advanced-level-new,https://www.shl.com/products/product-catalog/view/sap-abap-advanced-level-new/
sap-abap-intermediate-level-new,https://www.shl.com/products/product-catalog/view/sap-abap-intermediate-level-new/
sap-basis-new,https://www.shl.com/products/product-catalog/view/sap-basis-new/
sap-business-objects-webi-new,https://www.shl.com/products/product-catalog/view/sap-business-objects-webi-new/
sap-bw-business-warehouse-new,https://www.shl.com/products/product-catalog/view/sap-bw-business-warehouse-new/
sap-hcm-human-capital-management-new,https://www.shl.com/products/product-catalog/view/sap-hcm-human-capital-management-new/
sap-hybris-new,https://www.shl.com/products/product-catalog/view/sap-hybris-new/
sap-materials-management-new,https://www.shl.com/products/product-catalog/view/sap-materials-management-new/
sap-sd-sales-and-distribution-new,https://www.shl.com/products/product-catalog/view/sap-sd-sales-and-distribution-new/
search-engine-optimization-new,https://www.shl.com/products/product-catalog/view/search-engine-optimization-new/
selenium-new,https://www.shl.com/products/product-catalog/view/selenium-new/
shell-scripting-new,https://www.shl.com/products/product-catalog/view/shell-scripting-new/
shl-verify-interactive-inductive-reasoning,https://www.shl.com/products/product-catalog/view/shl-verify-interactive-inductive-reasoning/
shl-verify-interactive-deductive-reasoning,https://www.shl.com/products/product-catalog/view/shl-verify-interactive-deductive-reasoning/
shl-verify-interactive-numerical-reasoning,https://www.shl.com/products/product-catalog/view/shl-verify-interactive-numerical-reasoning/
shl-verify-interactive-g,https://www.shl.com/products/product-catalog/view/shl-verify-interactive-g/
shl-verify-interactive-numerical-calculation,https://www.shl.com/products/product-catalog/view/shl-verify-interactive-numerical-calculation/
siebel-development-new,https://www.shl.com/products/product-catalog/view/siebel-development-new/
smart-interview-live,https://www.shl.com/products/product-catalog/view/smart-interview-live/
smart-interview-live-coding,https://www.shl.com/products/product-catalog/view/smart-interview-live-coding/
smart-interview-on-demand,https://www.shl.com/products/product-catalog/view/smart-interview-on-demand/
social-media-new,https://www.shl.com/products/product-catalog/view/social-media-new/
software-business-analysis,https://www.shl.com/products/product-catalog/view/software-business-analysis/
sonarqube-new,https://www.shl.com/products/product-catalog/view/sonarqube-new/
spelling-u-s-new,https://www.shl.com/products/product-catalog/view/spelling-u-s-new/
split-screen-typing-test-form-1,https://www.shl.com/products/product-catalog/view/split-screen-typing-test-form-1/
spring-new,https://www.shl.com/products/product-catalog/view/spring-new/
sql-new,https://www.shl.com/products/product-catalog/view/sql-new/
sql-server-new,https://www.shl.com/products/product-catalog/view/sql-server-new/
sql-server-analysis-services-ssas-new,https://www.shl.com/products/product-catalog/view/sql-server-analysis-services-%28ssas%29-%28new%29/
sql-server-integration-services-ssis-new,https://www.shl.com/products/product-catalog/view/sql-server-integration-services-ssis-new/
sql-server-reporting-services-ssrs-new,https://www.shl.com/products/product-catalog/view/sql-server-reporting-services-ssrs-new/
statistical-analysis-system-new,https://www.shl.com/products/product-catalog/view/statistical-analysis-system-new/
struts-new,https://www.shl.com/products/product-catalog/view/struts-new/
svar-spoken-english-aus,https://www.shl.com/products/product-catalog/view/svar-spoken-english-aus/
svar-spoken-english-indian-accent-new,https://www.shl.com/products/product-catalog/view/svar-spoken-english-indian-accent-new/
svar-spoken-english-u-k,https://www.shl.com/products/product-catalog/view/svar-spoken-english-u-k/
svar-spoken-english-us-new,https://www.shl.com/products/product-catalog/view/svar-spoken-english-us-new/
svar-spoken-french-canadian-new,https://www.shl.com/products/product-catalog/view/svar-spoken-french-canadian-new/
svar-spoken-french-european-new,https://www.shl.com/products/product-catalog/view/svar-spoken-french-european-new/
svar-spoken-spanish-castilian-new,https://www.shl.com/products/product-catalog/view/svar-spoken-spanish-castilian-new/
svar-spoken-spanish-north-american-new,https://www.shl.com/products/product-catalog/view/svar-spoken-spanish-north-american-new/
swing-new,https://www.shl.com/products/product-catalog/view/swing-new/
tableau-new,https://www.shl.com/products/product-catalog/view/tableau-new/
telecommunications-engineering-new,https://www.shl.com/products/product-catalog/view/telecommunications-engineering-new/
teradata-development-new,https://www.shl.com/products/product-catalog/view/teradata-development-new/
time-management-u-s,https://www.shl.com/products/product-catalog/view/time-management-u-s/
training-development,https://www.shl.com/products/product-catalog/view/training-development/
typing-new,https://www.shl.com/products/product-catalog/view/typing-new/
uipath-rpa-development-new,https://www.shl.com/products/product-catalog/view/uipath-rpa-development-new/
universal-competency-framework-interview-guide,https://www.shl.com/products/product-catalog/view/universal-competency-framework-interview-guide/
universal-competency-framework-job-profiling-guide,https://www.shl.com/products/product-catalog/view/universal-competency-framework-job-profiling-guide/
universal-competency-framework-profiler-cards-44,https://www.shl.com/products/product-catalog/view/universal-competency-framework-profiler-cards-44/
unix-new,https://www.shl.com/products/product-catalog/view/unix-new/
vb-net-new,https://www.shl.com/products/product-catalog/view/vb-net-new/
verify-deductive-reasoning,https://www.shl.com/products/product-catalog/view/verify-deductive-reasoning/
verify-following-instructions,https://www.shl.com/products/product-catalog/view/verify-following-instructions/
verify-g,https://www.shl.com/products/product-catalog/view/verify-g/
verify-general-ability-screen,https://www.shl.com/products/product-catalog/view/verify-general-ability-screen/
verify-inductive-reasoning-2014,https://www.shl.com/products/product-catalog/view/verify-inductive-reasoning-2014/
verify-numerical-ability,https://www.shl.com/products/product-catalog/view/verify-numerical-ability/
verify-technical-checking-next-generation,https://www.shl.com/products/product-catalog/view/verify-technical-checking-next-generation/
verify-verbal-ability-next-generation,https://www.shl.com/products/product-catalog/view/verify-verbal-ability-next-generation/
verify-working-with-information,https://www.shl.com/products/product-catalog/view/verify-working-with-information/
verify-g-ability-test-report,https://www.shl.com/products/product-catalog/view/verify-g-ability-test-report/
verify-g-candidate-report,https://www.shl.com/products/product-catalog/view/verify-g-candidate-report/
verify-interactive-ability-report,https://www.shl.com/products/product-catalog/view/verify-interactive-ability-report/
verify-interactive-g-candidate-report,https://www.shl.com/products/product-catalog/view/verify-interactive-g-candidate-report/
verify-interactive-g-report,https://www.shl.com/products/product-catalog/view/verify-interactive-g-report/
verify-interactive-process-monitoring,https://www.shl.com/products/product-catalog/view/verify-interactive-process-monitoring/
virtual-assessment-and-development-centers,https://www.shl.com/products/product-catalog/view/virtual-assessment-and-development-centers/
visual-basic-for-applications-new,https://www.shl.com/products/product-catalog/view/visual-basic-for-applications-new/
visual-comparison-uk,https://www.shl.com/products/product-catalog/view/visual-comparison-uk/
visual-comparison-us,https://www.shl.com/products/product-catalog/view/visual-comparison-us/
vlsi-and-embedded-systems-new,https://www.shl.com/products/product-catalog/view/vlsi-and-embedded-systems-new/
what-is-the-value-us,https://www.shl.com/products/product-catalog/view/what-is-the-value-us/
workplace-administration-skills-new,https://www.shl.com/products/product-catalog/view/workplace-administration-skills-new/
workplace-health-and-safety-new,https://www.shl.com/products/product-catalog/view/workplace-health-and-safety-new/
writex-email-writing-customer-service-new,https://www.shl.com/products/product-catalog/view/writex-email-writing-customer-service-new/
writex-email-writing-managerial-new,https://www.shl.com/products/product-catalog/view/writex-email-writing-managerial-new/
writex-email-writing-sales-new,https://www.shl.com/products/product-catalog/view/writex-email-writing-sales-new/
written-english-v1,https://www.shl.com/products/product-catalog/view/written-english-v1/
written-spanish,https://www.shl.com/products/product-catalog/view/written-spanish/
zabbix-new,https://www.shl.com/products/product-catalog/view/zabbix-new/
360-digital-report,https://www.shl.com/products/product-catalog/view/360-digital-report/
360-multi-rater-feedback-system-mfs,https://www.shl.com/products/product-catalog/view/360-multi-rater-feedback-system-mfs/